key,brand_guess,type_guess,issuer_guess,desc
372301,AMEX,prepaid,Unknown,American Express Gift Card (Canada)
412266,VISA,prepaid,TD,TD Bank Gift Card
412983,VISA,credit,MBNA,MBNA (Europe) University of Cambridge VISA Credit Card
418221,VISA,credit,TD,TD Bank in the United States
421402,VISA,prepaid,Unknown,Citizens Bank of Canada/Vancouver City Savings Credit Union Visa Gift Card
423966,VISA,debit,National Bank,Suffolk County National Bank Visa Debit (NY)
427557,VISA,debit,RBC,RBC Centura Bank Visa Debit Card (Pocket Check Card)
428434,VISA,prepaid,Unknown,Citizens Bank of Canada (Canada) Prepaid Visa Gift Card
433507,VISA,credit,MBNA,MBNA - Visa
433991,VISA,debit,National Bank,Palm Desert National Bank as Cingular Wireless' rebate debit card
436773,VISA,credit,National Bank,National Bank of New Zealand Visa Credit Card
441822,VISA,credit,National Bank,1st National Bank of Omaha
442162,VISA,credit,MBNA,MBNA EUROPE BANK LIMITED Classic Visa Credit Card
450003,VISA,credit,CIBC,CIBC Infinite Aerogold (VISA credit card)
450060,VISA,credit,CIBC,CIBC Aerogold (VISA credit card)
450065,VISA,credit,CIBC,CIBC Platinum (VISA credit card)
451503,VISA,credit,RBC,Royal Bank of Canada (CA) - VISA
452088,VISA,credit,TD,TD Bank CAD VISA infinite
453801,VISA,credit,Scotiabank,ScotiaBank - Visa Gold
453826,VISA,credit,Scotiabank,ScotiaBank - Visa Infinite
455121,VISA,credit,TD,GM-Visa Card (CAD) issued by TDCanada Trust
461983,VISA,unknown,Unknown,Best Buy Reward Zone/Chase (Canada)
472926,VISA,prepaid,Peoples Trust,"Peoples Trust Vanilla Prepaid Visa Card, Canada"
478901,VISA,credit,Vancity,Vancity Visa credit card (Canada)
478907,VISA,credit,Vancity,Vancity Visa credit card (Canada)
478986,VISA,credit,CIBC,CIBC US Dollar Visa (Canada)
479056,VISA,debit,National Bank,First National Bank (South Africa) Visa Electron Debit Card
479213,VISA,debit,TD,TD Banknorth Visa Debit Card
483561,VISA,debit,National Bank,ANZ NATIONAL BANK LTD - Visa Debit Card
483588,VISA,prepaid,Canada Post,Canada Post Visa Reloadable Prepaid Card
490115,VISA,credit,National Bank,First National Bank VISA South Africa / Cedyna INC Visa Japan
494114,VISA,debit,National Bank,National Bank of Abu Dhabi Cashplus Global Visa Electron (UAE)
500235,MASTERCARD,debit,National Bank,CA     National Bank of Canada     ATM/Debit Card
500766,MASTERCARD,debit,BMO,CA     Bank of Montreal     ATM/Debit Card
501012,MASTERCARD,debit,Meridian,CA     Meridian Credit Union     Debit and Exchange Network Card
514102,MASTERCARD,credit,National Bank,US     Park National Bank
518127,MASTERCARD,credit,PC Financial,CA     President's Choice Financial     MasterCard Credit Card
518142,MASTERCARD,credit,MBNA,UK     MBNA     MasterCard[citation needed]
518175,MASTERCARD,credit,MBNA,UK     MBNA     British Midland Airways MasterCard
518176,MASTERCARD,credit,MBNA,IE     MBNA     MBNA Ireland Platinum MasterCard
519000,MASTERCARD,credit,BMO,CA     Bank of Montreal
519113,MASTERCARD,credit,BMO,CA     Bank of Montreal
519129,MASTERCARD,credit,BMO,CA     Bank of Montreal
519133,MASTERCARD,credit,BMO,CA     Bank of Montreal
519154,MASTERCARD,credit,BMO,CA     Bank of Montreal
519173,MASTERCARD,credit,BMO,CA     Bank of Montreal
519259,MASTERCARD,credit,BMO,CA     Bank of Montreal
519269,MASTERCARD,credit,BMO,CA     Bank of Montreal     USD Mastercard
519281,MASTERCARD,credit,BMO,CA     Bank of Montreal
519283,MASTERCARD,credit,BMO,CA     Bank of Montreal
519290,MASTERCARD,credit,BMO,CA     Bank of Montreal
519332,MASTERCARD,credit,BMO,CA     Bank of Montreal
519342,MASTERCARD,credit,BMO,CA     Bank of Montreal
519371,MASTERCARD,credit,BMO,CA     Bank of Montreal
519373,MASTERCARD,credit,BMO,CA     Bank of Montreal
519381,MASTERCARD,credit,BMO,CA     Bank of Montreal
519383,MASTERCARD,credit,BMO,CA     Bank of Montreal
519400,MASTERCARD,credit,BMO,CA     Bank of Montreal
519403,MASTERCARD,credit,BMO,CA     Bank of Montreal
519409,MASTERCARD,credit,BMO,CA     Bank of Montreal
519443,MASTERCARD,credit,BMO,CA     Bank of Montreal
525896,MASTERCARD,credit,Husky/Mohawk,Mastercard Husky (Canada) [Husky/Mohawk MasterCard]
525995,MASTERCARD,credit,Canadian Tire,Canadian Tire Bank Gas Advantage MasterCard
528061,MASTERCARD,prepaid,BMO,BMO Bank of Montreal MasterCard Prepaid Travel
530785,MASTERCARD,unknown,Unknown,Sears MasterCard issued by [Chase Cards Canada]
531355,MASTERCARD,credit,National Bank,National Bank MasterCard Credit Card
540221,MASTERCARD,credit,National Bank,ANZ National Bank ANZ MasterCard Credit Card
540758,MASTERCARD,credit,MBNA,MBNA Bank UK bmi Blue Mastercard
541142,MASTERCARD,credit,CIBC,CIBC MasterCard (Canadian Imperial Bank of Commerce) formerly Citi MasterCard Canada
541606,MASTERCARD,credit,RBC,WestJet/RBC Royal Bank of Canada MasterCard (Canada)
548805,MASTERCARD,credit,National Bank,"Hatton National Bank, Sri Lanka RUA"
549035,MASTERCARD,credit,MBNA,MBNA American Bank [Now part of Bank of America]
549099,MASTERCARD,credit,MBNA,MBNA American Bank [Now part of Bank of America]
561066,MASTERCARD,debit,HSBC Canada,HSBC Bank Canada ATM Card
581353,MASTERCARD,debit,Vancity,Vancity ATM Card
589242,MASTERCARD,debit,National Bank,National Bank of Greece Greece Debit Card
589297,MASTERCARD,debit,TD,TD Canada Trust Interac/ATM Card
601021,OTHER,unknown,Unknown,ARI Canada - Ontario government
601725,OTHER,debit,ING Direct Canada,ING Direct Canada ATM Card
601887,OTHER,debit,PC Financial,President's Choice Financial Canada Debit Card (ATM/Interac)
603528,OTHER,credit,Unknown,STAPLES Canada Enterprise Credit Card (issued by Citi Cards Canada)
604767,OTHER,unknown,Unknown,"More Rewards (Overwaitea Food Group loyalty card, BC and AB, Canada)"
606172,OTHER,unknown,Unknown,Club Sobeys (Canada)
627421,OTHER,unknown,Unknown,Aeroplan (Air Canada)
628181,OTHER,unknown,Unknown,Sears Card (issued by Chase Cards Canada)
